{
  "id": "3825257",
  "name": "懂美姐1.1-PE",
  "font_family": "iconfont",
  "css_prefix_text": "icon-",
  "description": "",
  "glyphs": [
    {
      "icon_id": "33382915",
      "name": "时间",
      "font_class": "shijian",
      "unicode": "e6b3",
      "unicode_decimal": 59059
    },
    {
      "icon_id": "33382916",
      "name": "十字架",
      "font_class": "shizijia",
      "unicode": "e6b4",
      "unicode_decimal": 59060
    },
    {
      "icon_id": "33382917",
      "name": "搜索",
      "font_class": "sousuo",
      "unicode": "e6b5",
      "unicode_decimal": 59061
    },
    {
      "icon_id": "33382918",
      "name": "下箭头",
      "font_class": "xiajiantou",
      "unicode": "e6b6",
      "unicode_decimal": 59062
    },
    {
      "icon_id": "33382919",
      "name": "首页",
      "font_class": "shouye",
      "unicode": "e6b7",
      "unicode_decimal": 59063
    },
    {
      "icon_id": "33382920",
      "name": "退出",
      "font_class": "tuichu",
      "unicode": "e6b8",
      "unicode_decimal": 59064
    },
    {
      "icon_id": "33382921",
      "name": "消息",
      "font_class": "xiaoxi",
      "unicode": "e6b9",
      "unicode_decimal": 59065
    },
    {
      "icon_id": "33382922",
      "name": "星星",
      "font_class": "xingxing",
      "unicode": "e6ba",
      "unicode_decimal": 59066
    },
    {
      "icon_id": "33382923",
      "name": "右箭头",
      "font_class": "youjiantou",
      "unicode": "e6bb",
      "unicode_decimal": 59067
    },
    {
      "icon_id": "33382924",
      "name": "咨询",
      "font_class": "zixun",
      "unicode": "e6bc",
      "unicode_decimal": 59068
    },
    {
      "icon_id": "33382925",
      "name": "左箭头",
      "font_class": "zuojiantou",
      "unicode": "e6bd",
      "unicode_decimal": 59069
    },
    {
      "icon_id": "33382926",
      "name": "爱心-实心",
      "font_class": "aixin-shixin",
      "unicode": "e6be",
      "unicode_decimal": 59070
    },
    {
      "icon_id": "33382927",
      "name": "关闭",
      "font_class": "guanbi",
      "unicode": "e6bf",
      "unicode_decimal": 59071
    },
    {
      "icon_id": "33382928",
      "name": "菜单",
      "font_class": "caidan",
      "unicode": "e6c0",
      "unicode_decimal": 59072
    },
    {
      "icon_id": "33382929",
      "name": "学术论文",
      "font_class": "xueshulunwen",
      "unicode": "e6c1",
      "unicode_decimal": 59073
    },
    {
      "icon_id": "33382930",
      "name": "邮件",
      "font_class": "youjian",
      "unicode": "e6c2",
      "unicode_decimal": 59074
    },
    {
      "icon_id": "33382931",
      "name": "点评",
      "font_class": "dianping",
      "unicode": "e6c3",
      "unicode_decimal": 59075
    },
    {
      "icon_id": "33382932",
      "name": "笔",
      "font_class": "bi",
      "unicode": "e6c4",
      "unicode_decimal": 59076
    },
    {
      "icon_id": "33382933",
      "name": "定位",
      "font_class": "dingwei",
      "unicode": "e6c5",
      "unicode_decimal": 59077
    },
    {
      "icon_id": "33382934",
      "name": "用户",
      "font_class": "yonghu",
      "unicode": "e6c6",
      "unicode_decimal": 59078
    },
    {
      "icon_id": "33382935",
      "name": "楼房",
      "font_class": "loufang",
      "unicode": "e6c7",
      "unicode_decimal": 59079
    },
    {
      "icon_id": "33382937",
      "name": "笔记",
      "font_class": "biji",
      "unicode": "e6c8",
      "unicode_decimal": 59080
    },
    {
      "icon_id": "33382938",
      "name": "奖杯",
      "font_class": "jiangbei",
      "unicode": "e6c9",
      "unicode_decimal": 59081
    },
    {
      "icon_id": "33382939",
      "name": "关注",
      "font_class": "guanzhu",
      "unicode": "e6ca",
      "unicode_decimal": 59082
    },
    {
      "icon_id": "33382940",
      "name": "学历",
      "font_class": "xueli",
      "unicode": "e6cb",
      "unicode_decimal": 59083
    },
    {
      "icon_id": "33382941",
      "name": "拇指上",
      "font_class": "muzhishang",
      "unicode": "e6cc",
      "unicode_decimal": 59084
    },
    {
      "icon_id": "33382942",
      "name": "星星-实心",
      "font_class": "xingxing-shixin",
      "unicode": "e6cd",
      "unicode_decimal": 59085
    },
    {
      "icon_id": "33382943",
      "name": "举报",
      "font_class": "jubao",
      "unicode": "e6ce",
      "unicode_decimal": 59086
    },
    {
      "icon_id": "33382944",
      "name": "爱心",
      "font_class": "aixin",
      "unicode": "e6cf",
      "unicode_decimal": 59087
    },
    {
      "icon_id": "33382945",
      "name": "拇指上-实心",
      "font_class": "muzhishang-shixin",
      "unicode": "e6d0",
      "unicode_decimal": 59088
    },
    {
      "icon_id": "33382946",
      "name": "设置",
      "font_class": "shezhi",
      "unicode": "e6d1",
      "unicode_decimal": 59089
    },
    {
      "icon_id": "33382947",
      "name": "话题",
      "font_class": "huati",
      "unicode": "e6d2",
      "unicode_decimal": 59090
    },
    {
      "icon_id": "33382948",
      "name": "拇指下-实心",
      "font_class": "muzhixia-shixin",
      "unicode": "e6d3",
      "unicode_decimal": 59091
    },
    {
      "icon_id": "33382949",
      "name": "上箭头",
      "font_class": "shangjiantou",
      "unicode": "e6d4",
      "unicode_decimal": 59092
    },
    {
      "icon_id": "33382950",
      "name": "拇指下",
      "font_class": "muzhixia",
      "unicode": "e6d5",
      "unicode_decimal": 59093
    },
    {
      "icon_id": "33382951",
      "name": "懂美号",
      "font_class": "dongmeihao",
      "unicode": "e6d6",
      "unicode_decimal": 59094
    },
    {
      "icon_id": "33382952",
      "name": "删除",
      "font_class": "shanchu",
      "unicode": "e6d7",
      "unicode_decimal": 59095
    }
  ]
}
